Workbook

Sheet Résultats
A1: Coureur | B1: Meilleur tour | C1: Moyenne | D1: Écart au meilleur | E1: Rang | G1: En bref
A2: Léa | B2: =_xlfn.MINIFS(Tours!$C$2:$C$19,Tours!$A$2:$A$19,A2) -> 59.8 | C2: =AVERAGEIFS(Tours!$C$2:$C$19,Tours!$A$2:$A$19,A2) -> 60.466667 | D2: =B2-MIN($B$2:$B$7) -> 1.7 | E2: =_xlfn.RANK.EQ(B2,$B$2:$B$7,1) -> 2 | G2: Tour le plus rapide (s) | H2: =MIN(Tours!$C$2:$C$19) -> 58.1
A3: Samuel | B3: =_xlfn.MINIFS(Tours!$C$2:$C$19,Tours!$A$2:$A$19,A3) -> 64.9 | C3: =AVERAGEIFS(Tours!$C$2:$C$19,Tours!$A$2:$A$19,A3) -> 65.433333 | D3: =B3-MIN($B$2:$B$7) -> 6.8 | E3: =_xlfn.RANK.EQ(B3,$B$2:$B$7,1) -> 4 | G3: Par | H3: =_xlfn.XLOOKUP(MIN(Tours!$C$2:$C$19),Tours!$C$2:$C$19,Tours!$A$2:$A$19) -> Maya
A4: Maya | B4: =_xlfn.MINIFS(Tours!$C$2:$C$19,Tours!$A$2:$A$19,A4) -> 58.1 | C4: =AVERAGEIFS(Tours!$C$2:$C$19,Tours!$A$2:$A$19,A4) -> 58.6 | D4: =B4-MIN($B$2:$B$7) -> 0 | E4: =_xlfn.RANK.EQ(B4,$B$2:$B$7,1) -> 1 | G4: Tours enregistrés | H4: =COUNTA(Tours!$A$2:$A$19) -> 18
A5: Noah | B5: =_xlfn.MINIFS(Tours!$C$2:$C$19,Tours!$A$2:$A$19,A5) -> 68.8 | C5: =AVERAGEIFS(Tours!$C$2:$C$19,Tours!$A$2:$A$19,A5) -> 69.5 | D5: =B5-MIN($B$2:$B$7) -> 10.7 | E5: =_xlfn.RANK.EQ(B5,$B$2:$B$7,1) -> 5 | G5: Moyenne du groupe (s) | H5: =AVERAGE(Tours!$C$2:$C$19) -> 64.994444
A6: Zoé | B6: =_xlfn.MINIFS(Tours!$C$2:$C$19,Tours!$A$2:$A$19,A6) -> 61.7 | C6: =AVERAGEIFS(Tours!$C$2:$C$19,Tours!$A$2:$A$19,A6) -> 62.366667 | D6: =B6-MIN($B$2:$B$7) -> 3.6 | E6: =_xlfn.RANK.EQ(B6,$B$2:$B$7,1) -> 3
A7: Félix | B7: =_xlfn.MINIFS(Tours!$C$2:$C$19,Tours!$A$2:$A$19,A7) -> 72.9 | C7: =AVERAGEIFS(Tours!$C$2:$C$19,Tours!$A$2:$A$19,A7) -> 73.6 | D7: =B7-MIN($B$2:$B$7) -> 14.8 | E7: =_xlfn.RANK.EQ(B7,$B$2:$B$7,1) -> 6

Sheet Tours
A1: Coureur | B1: Tour | C1: Temps (s) | D1: Date
A2: Léa | B2: 1 | C2: 61.4 | D2: 46296
A3: Léa | B3: 2 | C3: 60.2 | D3: 46298
A4: Léa | B4: 3 | C4: 59.8 | D4: 46301
A5: Samuel | B5: 1 | C5: 66.1 | D5: 46296
A6: Samuel | B6: 2 | C6: 64.9 | D6: 46298
A7: Samuel | B7: 3 | C7: 65.3 | D7: 46301
A8: Maya | B8: 1 | C8: 58.7 | D8: 46296
A9: Maya | B9: 2 | C9: 58.1 | D9: 46298
A10: Maya | B10: 3 | C10: 59 | D10: 46301
A11: Noah | B11: 1 | C11: 70.2 | D11: 46296
A12: Noah | B12: 2 | C12: 68.8 | D12: 46298
A13: Noah | B13: 3 | C13: 69.5 | D13: 46301
... A19: Félix | B19: 3 | C19: 73.3 | D19: 46301
