Workbook
Name Montants: Budget!$B$2:$B$5

Sheet Budget
A1: Poste | B1: Montant | C1: Part | D1: Date | E1: Code
A2: Loyer | B2: 2000 | C2: =B2/$B$7 -> 0.70546737 | D2: 46023 | E2: 007
A3: Épicerie | B3: 612.25 | C3: =B3/$B$7 -> 0.2159612 | D3: 46025 | E3: 012
A4: Transport | B4: 180 | C4: =B4/$B$7 -> 0.063492063 | D4: 46027 | E4: 100
A5: Café « bio » | B5: 42.75 | C5: =B5/$B$7 -> 0.015079365 | D5: 46031 | E5: 003
A7: Total | B7: =SUM(B2:B5) -> 2835 | C7: =SUM(C2:C5) -> 1
A8: Moyenne | B8: =AVERAGE(B2:B5) -> 708.75
A9: Max | B9: =MAX(Montants) -> 2000
A10: Texte | B10: =CONCATENATE(A2," : ",TEXT(B2,"0.00")) -> Loyer : 2000.00
A11: Vrai | B11: =TRUE() -> TRUE
A12: Erreur | B12: =1/0 -> #DIV/0!
A13: Multi ligne
A15: Cellules fusionnées
A20: =_xlfn.CONCAT(A2,"-",A3) -> Loyer-Épicerie
A21: rouge

Sheet Données 2026
A1: 1 | B1: =A1*2 -> 2 | C1: =Budget!B$7+A1 -> 2836 | E1: =SUMPRODUCT(A1:A50,B1:B50) -> 85850
A2: 2 | B2: =A2*2 -> 4 | C2: =Budget!B$7+A2 -> 2837 | E2: =VLOOKUP(10,A1:B50,2,FALSE()) -> 20
A3: 3 | B3: =A3*2 -> 6 | C3: =Budget!B$7+A3 -> 2838 | E3: =IFERROR(INDEX(B1:B50,MATCH(25,A1:A50,0)),"?") -> 50
A4: 4 | B4: =A4*2 -> 8 | C4: =Budget!B$7+A4 -> 2839 | E4: =COUNTIF(A1:A50,">25") -> 25
A5: 5 | B5: =A5*2 -> 10 | C5: =Budget!B$7+A5 -> 2840 | E5: =ROUND(PI(),4) -> 3.1416
A6: 6 | B6: =A6*2 -> 12 | C6: =Budget!B$7+A6 -> 2841 | E6: =IF(E5>3,"grand","petit") -> grand
A7: 7 | B7: =A7*2 -> 14 | C7: =Budget!B$7+A7 -> 2842
A8: 8 | B8: =A8*2 -> 16 | C8: =Budget!B$7+A8 -> 2843
A9: 9 | B9: =A9*2 -> 18 | C9: =Budget!B$7+A9 -> 2844
A10: 10 | B10: =A10*2 -> 20 | C10: =Budget!B$7+A10 -> 2845
A11: 11 | B11: =A11*2 -> 22 | C11: =Budget!B$7+A11 -> 2846
A12: 12 | B12: =A12*2 -> 24 | C12: =Budget!B$7+A12 -> 2847
A13: 13 | B13: =A13*2 -> 26 | C13: =Budget!B$7+A13 -> 2848
A14: 14 | B14: =A14*2 -> 28 | C14: =Budget!B$7+A14 -> 2849
A15: 15 | B15: =A15*2 -> 30 | C15: =Budget!B$7+A15 -> 2850
A16: 16 | B16: =A16*2 -> 32 | C16: =Budget!B$7+A16 -> 2851
A17: 17 | B17: =A17*2 -> 34 | C17: =Budget!B$7+A17 -> 2852
A18: 18 | B18: =A18*2 -> 36 | C18: =Budget!B$7+A18 -> 2853
... A50: 50 | B50: =A50*2 -> 100 | C50: =Budget!B$7+A50 -> 2885

Sheet Nouvelle
A1: ='Données 2026'!E2*2 -> 40
